﻿[
    {
        "name": "Default"
        "size": 30,
        "opacity": 50,
        "spacing": 30,
        "hardness": 85,
        "roundness": 1,
        "angle": 90
    },
    {
        "name": "Big"
        "size": 100,
        "opacity": 50,
        "spacing": 30,
        "hardness": 85,
        "roundness": 1,
        "angle": 90
    },
    {
        "name": "Little"
        "size": 5,
        "opacity": 50,
        "spacing": 30,
        "hardness": 85,
        "roundness": 1,
        "angle": 90
    },


]


